<?xml version="1.0" encoding="UTF-8" ?>
<!DOCTYPE mapper
        PUBLIC "-//mybatis.org//DTD Mapper 3.0//EN"
        "http://mybatis.org/dtd/mybatis-3-mapper.dtd">
<mapper namespace="electric.dao.IFurniture">
    <select id="selectAll" resultType="electric.model.Furniture">
        select *from furniture
    </select>

    <select id="getFurniture" resultType="electric.model.Furniture" parameterType="Integer">
        select *from furniture where furnitureId=#{furnitureId}
    </select>

    <insert id="addFurniture" parameterType="electric.model.Furniture">
         INSERT INTO `furniturn`.`furniture` (`furnitureName`, `furnitureCount`, `furnitureSellCount`, `furniturePrice`, `describes`) VALUES (#{furnitureName}, #{furnitureCount}, #{furnitureSellCount}, #{furniturePrice}, #{describes});
    </insert>

    <select id="selectFurniture" resultType="electric.model.Furniture" parameterType="electric.model.Furniture">
        select * from furniture where
        <if test="furnitureName!=null">
            furnitureName like #{furnitureName}
        </if>
        <if test="describes!=null and furnitureName==null">
            describes=#{describes}
        </if>
        <if test="describes!=null and furnitureName!=null">
            and describes=#{describes}
        </if>
    </select>

    <delete id="deleteFurniture" parameterType="String">
        DELETE FROM `furniture` WHERE `furnitureName` = #{furnitureName};
    </delete>

    <update id="updateFurniture" parameterType="electric.model.Furniture">
        UPDATE `furniture` SET `furnitureCount` = #{furnitureCount} , `furnitureSellCount` = #{furnitureSellCount} , `furniturePrice` = #{furniturePrice} , `describes` = #{describes} WHERE  `furnitureName` = #{furnitureName};
    </update>
</mapper>