<?xml version="1.0" encoding="UTF-8" ?>
<!DOCTYPE configuration
        PUBLIC "-//mybatis.org//DTD Config 3.0//EN"
        "http://mybatis.org/dtd/mybatis-3-config.dtd">
<configuration>

<!--    <settings>-->
<!--        <setting name="logImpl" value="LOG4J"/>-->
<!--    </settings>-->

    <environments default="development">
        <environment id="development">
            <transactionManager type="JDBC"/>
            <dataSource type="POOLED">
<!--              <property name="driver" value="com.mysql.jdbc.Driver"/>--> <!--        5.1版本库        -->
              <property name="driver" value="com.mysql.cj.jdbc.Driver"/> <!--        8.1版本库        -->
                <property name="url" value="jdbc:mysql://localhost:3306/furniturn?useUnicode=true&amp;serverTimezone=UTC&amp;useSSL=false"/>
              <property name="username" value="root"/>
              <property name="password" value="123456"/>
            </dataSource>
        </environment>
    </environments>

    <mappers>
        <mapper resource="dao/user.xml"/>
        <mapper resource="dao/furniture.xml"/>
        <mapper resource="dao/other.xml"/>
    </mappers>

</configuration>